{"type":"footer","name":"Footer","sections":{"footer":{"type":"Footer","blocks":{"group_acXtYY":{"type":"group","name":"Links","settings":{"content_direction":"row","vertical_on_mobile":true,"horizontal_alignment":"space-between","vertical_alignment":"flex-start","align_baseline":false,"horizontal_alignment_flex_direction_column":"flex-start","vertical_alignment_flex_direction_column":"center","gap":12,"width":"fill","custom_width":100,"width_mobile":"fill","custom_width_mobile":100,"height":"fit","custom_height":100,"inherit_color_scheme":true,"color_scheme":"","background_media":"none","video_position":"cover","background_image_position":"cover","border":"none","border_width":1,"border_opacity":100,"border_radius":0,"toggle_overlay":false,"overlay_color":"#00000026","overlay_style":"solid","gradient_direction":"to top","link":"","open_in_new_tab":false,"placeholder":"","padding-block-start":0,"padding-block-end":0,"padding-inline-start":0,"padding-inline-end":0},"blocks":{"group_MTNPDR":{"type":"group","name":"Navigation","settings":{"content_direction":"row","vertical_on_mobile":true,"horizontal_alignment":"flex-start","vertical_alignment":"flex-start","align_baseline":false,"horizontal_alignment_flex_direction_column":"flex-start","vertical_alignment_flex_direction_column":"center","gap":12,"width":"custom","custom_width":50,"width_mobile":"fill","custom_width_mobile":100,"height":"fit","custom_height":100,"inherit_color_scheme":true,"color_scheme":"","background_media":"none","video_position":"cover","background_image_position":"cover","border":"none","border_width":1,"border_opacity":100,"border_radius":0,"toggle_overlay":false,"overlay_color":"#00000026","overlay_style":"solid","gradient_direction":"to top","link":"","open_in_new_tab":false,"placeholder":"","padding-block-start":0,"padding-block-end":0,"padding-inline-start":0,"padding-inline-end":0},"blocks":{"menu_zf63TX":{"type":"menu","name":"t:names.menu","settings":{"menu":"footer","heading":"Shop","menu_spacing":12,"show_as_accordion":false,"accordion_icon":"caret","accordion_dividers":false,"inherit_color_scheme":true,"color_scheme":"","heading_preset":"h4","link_preset":"h5","padding-block-start":0,"padding-block-end":0,"padding-inline-start":0,"padding-inline-end":0},"blocks":{}},"menu_H4cHLN":{"type":"menu","name":"t:names.menu","settings":{"menu":"","heading":"About us","menu_spacing":12,"show_as_accordion":false,"accordion_icon":"caret","accordion_dividers":false,"inherit_color_scheme":true,"color_scheme":"","heading_preset":"h4","link_preset":"h5","padding-block-start":0,"padding-block-end":0,"padding-inline-start":0,"padding-inline-end":0},"blocks":{}},"menu_HFzgCj":{"type":"menu","name":"t:names.menu","settings":{"menu":"","heading":"Connect","menu_spacing":12,"show_as_accordion":false,"accordion_icon":"caret","accordion_dividers":false,"inherit_color_scheme":true,"color_scheme":"","heading_preset":"h4","link_preset":"h5","padding-block-start":0,"padding-block-end":0,"padding-inline-start":0,"padding-inline-end":0},"blocks":{}}},"block_order":["menu_zf63TX","menu_H4cHLN","menu_HFzgCj"]},"group_gz8NPq":{"type":"group","name":"t:names.email_signup","settings":{"content_direction":"column","vertical_on_mobile":true,"horizontal_alignment":"flex-start","vertical_alignment":"center","align_baseline":false,"horizontal_alignment_flex_direction_column":"flex-start","vertical_alignment_flex_direction_column":"center","gap":12,"width":"custom","custom_width":30,"width_mobile":"fill","custom_width_mobile":100,"height":"fit","custom_height":100,"inherit_color_scheme":true,"color_scheme":"","background_media":"none","video_position":"cover","background_image_position":"cover","border":"none","border_width":1,"border_opacity":100,"border_radius":0,"toggle_overlay":false,"overlay_color":"#00000026","overlay_style":"solid","gradient_direction":"to top","link":"","open_in_new_tab":false,"placeholder":"","padding-block-start":0,"padding-block-end":0,"padding-inline-start":0,"padding-inline-end":0},"blocks":{"text_jXqmE4":{"type":"text","name":"t:names.heading","settings":{"text":"<h3>Sign up for our newsletter<\/h3>","width":"fit-content","max_width":"normal","alignment":"left","type_preset":"h4","font":"var(--font-body--family)","font_size":"1rem","line_height":"normal","letter_spacing":"normal","case":"none","wrap":"pretty","color":"var(--color-foreground)","background":false,"background_color":"#00000026","corner_radius":0,"padding-block-start":12,"padding-block-end":0,"padding-inline-start":0,"padding-inline-end":0},"blocks":{}},"email_signup_XgpLx7":{"type":"email-signup","name":"t:names.email_signup","settings":{"width":"fill","custom_width":100,"inherit_color_scheme":true,"color_scheme":"","heading":"","heading_preset":"h3","border_style":"underline","border_width":1,"border_radius":100,"input_type_preset":"paragraph","style_class":"button-unstyled","display_type":"arrow","label":"Sign up","integrated_button":false,"button_type_preset":"paragraph","padding-block-start":0,"padding-block-end":0,"padding-inline-start":0,"padding-inline-end":0},"blocks":{}},"social_links_9cWGHJ":{"type":"social-links","name":"t:names.social_media_links","settings":{"facebook_url":"","instagram_url":"","youtube_url":"","tiktok_url":"","twitter_url":"","threads_url":"","linkedin_url":"","bluesky_url":"","snapchat_url":"","pinterest_url":"","tumblr_url":"","vimeo_url":"","custom_url":""},"blocks":{}}},"block_order":["text_jXqmE4","email_signup_XgpLx7","social_links_9cWGHJ"]}},"block_order":["group_MTNPDR","group_gz8NPq"]}},"block_order":["group_acXtYY"],"settings":{"section_width":"page-width","gap":0,"color_scheme":"scheme-5","padding-block-start":64,"padding-block-end":0}},"logo_RVGHD7":{"type":"logo","name":"t:names.logo","settings":{"inverse":false,"font":"heading","unit":"percent","pixel_height":48,"percent_width":17,"custom_mobile_size":false,"unit_mobile":"percent","percent_width_mobile":100,"pixel_height_mobile":120,"section_width":"full-width","alignment_horizontal":"center","color_scheme":"","padding-block-start":15,"padding-block-end":15}},"utilities":{"type":"footer-utilities","blocks":{"copyright":{"type":"footer-copyright","settings":{"show_powered_by":true,"font_size":"0.75rem","case":"none"},"blocks":{}},"footer_policy_list_YXDWfF":{"type":"footer-policy-list","name":"t:names.policy_list","settings":{"font_size":"0.75rem","case":"none"},"blocks":{}},"social_links_BGVf9A":{"type":"social-links","name":"t:names.social_media_links","settings":{"facebook_url":"https:\/\/www.facebook.com\/","instagram_url":"https:\/\/www.instagram.com\/","youtube_url":"https:\/\/www.youtube.com\/","tiktok_url":"https:\/\/www.tiktok.com\/","twitter_url":"https:\/\/www.x.com\/","threads_url":"","linkedin_url":"","bluesky_url":"","snapchat_url":"","pinterest_url":"","tumblr_url":"","vimeo_url":"","custom_url":""},"blocks":{}}},"block_order":["copyright","footer_policy_list_YXDWfF","social_links_BGVf9A"],"settings":{"section_width":"page-width","gap":24,"divider_thickness":1,"color_scheme":"","padding-block-start":12,"padding-block-end":16}}},"order":["footer","logo_RVGHD7","utilities"]}