{"sections":{"slideshow_66gAhT":{"type":"slideshow","blocks":{"slide_BKJYUd":{"type":"_slide","settings":{"media_type_1":"image","image_1":"shopify:\/\/shop_images\/image-for-synergen-health-stores-hero-main-web-banner-no-text-use-blue-colors.png","content_direction":"column","vertical_on_mobile":true,"horizontal_alignment":"flex-start","vertical_alignment":"center","align_baseline":false,"horizontal_alignment_flex_direction_column":"center","vertical_alignment_flex_direction_column":"center","gap":12,"inherit_color_scheme":true,"color_scheme":"","toggle_overlay":false,"overlay_color":"#00000026","overlay_style":"solid","gradient_direction":"to top","padding-block-start":0,"padding-block-end":0,"padding-inline-start":0,"padding-inline-end":0},"blocks":{"group_D6CCBm":{"type":"group","settings":{"content_direction":"column","vertical_on_mobile":true,"horizontal_alignment":"flex-start","vertical_alignment":"center","align_baseline":false,"horizontal_alignment_flex_direction_column":"center","vertical_alignment_flex_direction_column":"center","gap":12,"width":"custom","custom_width":100,"width_mobile":"custom","custom_width_mobile":85,"height":"fit","custom_height":100,"inherit_color_scheme":false,"color_scheme":"scheme-6","background_media":"none","video_position":"cover","background_image_position":"cover","border":"none","border_width":1,"border_opacity":100,"border_radius":0,"toggle_overlay":false,"overlay_color":"#00000026","overlay_style":"solid","gradient_direction":"to top","link":"","open_in_new_tab":false,"placeholder":"","padding-block-start":48,"padding-block-end":20,"padding-inline-start":48,"padding-inline-end":48},"blocks":{"text_WBpnCD":{"type":"text","settings":{"text":"<h2>Synergen Health Store<\/h2>","width":"fit-content","max_width":"normal","alignment":"left","type_preset":"rte","font":"var(--font-body--family)","font_size":"1rem","line_height":"normal","letter_spacing":"normal","case":"none","wrap":"pretty","color":"var(--color-foreground)","background":false,"background_color":"#00000026","corner_radius":0,"padding-block-start":0,"padding-block-end":60,"padding-inline-start":0,"padding-inline-end":0},"blocks":{}},"button_KYUtne":{"type":"button","settings":{"label":"Shop All","link":"shopify:\/\/collections\/all","open_in_new_tab":true,"style_class":"button","width":"fit-content","custom_width":100,"width_mobile":"fit-content","custom_width_mobile":100},"blocks":{}}},"block_order":["text_WBpnCD","button_KYUtne"]},"ai_gen_block_57d1529_L8TjRL":{"type":"ai_gen_block_57d1529","settings":{"alignment":"center","button_gap":16,"section_padding":20,"font_size":14,"button_padding_vertical":12,"button_padding_horizontal":48,"border_radius":0,"button_1_text":"Diagnostic Devices","button_1_link":"shopify:\/\/collections\/diagnostic-devices","button_1_bg_color":"#000000","button_1_text_color":"#ffffff","button_1_border_width":0,"button_1_border_color":"#000000","button_1_hover_bg_color":"#383838","button_1_hover_text_color":"#ffffff","button_1_hover_border_color":"#383838","button_2_text":"Supportive Devices","button_2_link":"shopify:\/\/collections\/supportive-devices","button_2_bg_color":"#ffffff","button_2_text_color":"#000000","button_2_border_width":1,"button_2_border_color":"#000000","button_2_hover_bg_color":"#dedede","button_2_hover_text_color":"#000000","button_2_hover_border_color":"#000000","button_3_text":"Therapeutic Devices","button_3_link":"shopify:\/\/collections\/therapeutic-devices","button_3_bg_color":"#666666","button_3_text_color":"#ffffff","button_3_border_width":0,"button_3_border_color":"#666666","button_3_hover_bg_color":"#000000","button_3_hover_text_color":"#ffffff","button_3_hover_border_color":"#000000"},"blocks":{}}},"block_order":["group_D6CCBm","ai_gen_block_57d1529_L8TjRL"]},"slide_PyYmkC":{"type":"_slide","settings":{"media_type_1":"image","image_1":"shopify:\/\/shop_images\/hero-banner-for-synergen-health-shopify-store-no-text.png","content_direction":"column","vertical_on_mobile":true,"horizontal_alignment":"flex-start","vertical_alignment":"center","align_baseline":false,"horizontal_alignment_flex_direction_column":"flex-start","vertical_alignment_flex_direction_column":"flex-start","gap":12,"inherit_color_scheme":true,"color_scheme":"","toggle_overlay":false,"overlay_color":"#00000026","overlay_style":"solid","gradient_direction":"to top","padding-block-start":60,"padding-block-end":0,"padding-inline-start":30,"padding-inline-end":0},"blocks":{"text_UJKDxd":{"type":"text","name":"t:names.heading","settings":{"text":"<h1>Driving Ambulatory Surgery Centers toward 100% collections with proven results<\/h1>","width":"fit-content","max_width":"normal","alignment":"left","type_preset":"custom","font":"var(--font-heading--family)","font_size":"2.5rem","line_height":"normal","letter_spacing":"normal","case":"none","wrap":"pretty","color":"var(--color-foreground)","background":false,"background_color":"#00000026","corner_radius":0,"padding-block-start":0,"padding-block-end":0,"padding-inline-start":0,"padding-inline-end":0},"blocks":{}},"button_Ped8dE":{"type":"button","name":"t:names.button","settings":{"label":"Shop Diagnostic Devices","link":"shopify:\/\/collections\/diagnostic-devices","open_in_new_tab":false,"style_class":"button","width":"fit-content","custom_width":100,"width_mobile":"fit-content","custom_width_mobile":100},"blocks":{}}},"block_order":["text_UJKDxd","button_Ped8dE"]},"slide_UrX4hp":{"type":"_slide","settings":{"media_type_1":"image","image_1":"shopify:\/\/shop_images\/suitable-hero-banner-for-synergen-health-store.png","content_direction":"column","vertical_on_mobile":true,"horizontal_alignment":"flex-start","vertical_alignment":"center","align_baseline":false,"horizontal_alignment_flex_direction_column":"center","vertical_alignment_flex_direction_column":"center","gap":12,"inherit_color_scheme":true,"color_scheme":"","toggle_overlay":true,"overlay_color":"#00000026","overlay_style":"solid","gradient_direction":"to top","padding-block-start":0,"padding-block-end":0,"padding-inline-start":0,"padding-inline-end":0},"blocks":{"text_FMHjcK":{"type":"text","name":"t:names.heading","settings":{"text":"<h1>Synergen Health Store<\/h1>","width":"fit-content","max_width":"normal","alignment":"left","type_preset":"rte","font":"var(--font-body--family)","font_size":"1rem","line_height":"normal","letter_spacing":"normal","case":"none","wrap":"pretty","color":"var(--color-foreground)","background":false,"background_color":"#00000026","corner_radius":0,"padding-block-start":0,"padding-block-end":0,"padding-inline-start":0,"padding-inline-end":0},"blocks":{}}},"block_order":["text_FMHjcK"]}},"block_order":["slide_BKJYUd","slide_PyYmkC","slide_UrX4hp"],"name":"t:names.slideshow","settings":{"icons_style":"arrows_large","slideshow_controls_style":"dots","color_scheme":"","autoplay":true,"autoplay_speed":4,"section_width":"full-width","slide_height":"medium","padding-block-start":0,"padding-block-end":0}},"hero_iyt6zg":{"type":"hero","blocks":{"text_tzGazA":{"type":"text","name":"t:names.text","settings":{"text":"<h1>Synergen Health Store<\/h1>","width":"fit-content","max_width":"normal","alignment":"left","type_preset":"custom","font":"var(--font-heading--family)","font_size":"","line_height":"tight","letter_spacing":"normal","case":"none","wrap":"pretty","color":"","background":false,"background_color":"#00000026","corner_radius":0,"padding-block-start":0,"padding-block-end":0,"padding-inline-start":0,"padding-inline-end":0},"blocks":{}}},"block_order":["text_tzGazA"],"disabled":true,"settings":{"media_type_1":"image","image_1":"shopify:\/\/shop_images\/suitable-hero-banner-for-synergen-health-store.png","media_type_2":"image","image_2":"shopify:\/\/shop_images\/hero-banner-for-synergen-health-shopify-store-no-text.png","stack_media_on_mobile":false,"custom_mobile_media":false,"media_type_1_mobile":"image","media_type_2_mobile":"image","link":"","open_in_new_tab":false,"content_direction":"column","vertical_on_mobile":true,"horizontal_alignment":"flex-start","vertical_alignment":"center","align_baseline":false,"horizontal_alignment_flex_direction_column":"center","vertical_alignment_flex_direction_column":"center","gap":16,"section_width":"page-width","section_height":"full-screen","section_height_custom":50,"color_scheme":"scheme-6","toggle_overlay":true,"overlay_color":"#666666","overlay_style":"gradient","gradient_direction":"to top","blurred_reflection":false,"reflection_opacity":75,"padding-block-start":0,"padding-block-end":0}},"collection_links_Ut4aMz":{"type":"collection-links","blocks":{"link":{"type":"_collection-link","static":true,"settings":{"show_count":true},"blocks":{"title":{"type":"_inline-collection-title","static":true,"settings":{"font":"var(--font-heading--family)","weight":"","line_height":"normal","letter_spacing":"normal","case":"none"},"blocks":{}},"image":{"type":"_image","static":true,"settings":{"height":"medium","ratio":"portrait","border_radius":0},"blocks":{}}},"block_order":[]}},"name":"Collection links","settings":{"collection_list":["diagnostic-devices","supportive-devices","therapeutic-devices"],"layout":"spotlight","section_width":"page-width","alignment":"left","image_position":"right","color_scheme":"","padding-block-start":82,"padding-block-end":82}},"featured_product_mTUbKC":{"type":"featured-product","blocks":{"media":{"type":"_media-without-appearance","static":true,"settings":{"media_type":"image","image":"shopify:\/\/shop_images\/doctor-stethescope-around-his-neck.png","link":"","video_loop":true,"video_autoplay":false,"image_position":"cover","video_position":"cover"},"blocks":{}},"featured-product":{"type":"_featured-product","name":"t:names.product","static":true,"settings":{},"blocks":{"featured-product-title":{"type":"product-title","name":"t:names.title","static":true,"settings":{"width":"100%","max_width":"normal","alignment":"left","type_preset":"h5","font":"var(--font-body--family)","font_size":"1rem","line_height":"normal","letter_spacing":"normal","case":"none","wrap":"pretty","color":"var(--color-foreground)","background":false,"background_color":"#00000026","corner_radius":0,"padding-block-start":0,"padding-block-end":0,"padding-inline-start":0,"padding-inline-end":0},"blocks":{}},"featured-product-price":{"type":"_featured-product-price","static":true,"settings":{"show_sale_price_first":true,"type_preset":"h5"},"blocks":{}},"featured-product-gallery":{"type":"_featured-product-gallery","name":"t:names.image","static":true,"settings":{"image_ratio":"adapt","constrain_to_viewport":"true"},"blocks":{}},"featured-product-swatches":{"type":"swatches","name":"t:content.swatches","static":true,"settings":{"product_swatches_alignment":"flex-start","product_swatches_alignment_mobile":"flex-start","hide_padding":false,"product_swatches_padding_top":4,"product_swatches_padding_bottom":4,"product_swatches_padding_left":0,"product_swatches_padding_right":0},"blocks":{}}},"block_order":[]}},"name":"t:names.featured_product","settings":{"product":"blood-glucose-meter","layout":"media-left","color_scheme":"scheme-1","padding-block-start":0,"padding-block-end":0}},"product_list_UwRqN4":{"type":"product-list","blocks":{"static-header":{"type":"_product-list-content","static":true,"settings":{"content_direction":"column","vertical_on_mobile":true,"horizontal_alignment":"flex-start","vertical_alignment":"center","align_baseline":false,"horizontal_alignment_flex_direction_column":"flex-start","vertical_alignment_flex_direction_column":"center","gap":12,"width":"fill","custom_width":100,"width_mobile":"fill","custom_width_mobile":100,"height":"fit","custom_height":100,"inherit_color_scheme":true,"color_scheme":"","background_media":"none","video_position":"cover","background_image_position":"cover","border":"none","border_width":1,"border_opacity":100,"border_radius":0,"padding-block-start":0,"padding-block-end":0,"padding-inline-start":0,"padding-inline-end":0},"blocks":{"product_list_text_zR8Cq9":{"type":"_product-list-text","name":"t:names.collection_title","settings":{"text":"<h3>New this season<\/h3>","width":"100%","max_width":"normal","alignment":"center","type_preset":"h3","font":"var(--font-primary--family)","font_size":"","line_height":"normal","letter_spacing":"normal","case":"none","wrap":"pretty","color":"","background":false,"background_color":"#00000026","corner_radius":0,"padding-block-start":0,"padding-block-end":10,"padding-inline-start":0,"padding-inline-end":0},"blocks":{}}},"block_order":["product_list_text_zR8Cq9"]},"static-product-card":{"type":"_product-card","name":"t:names.product_card","static":true,"settings":{"product_card_gap":8,"inherit_color_scheme":true,"color_scheme":"","border":"none","border_width":1,"border_opacity":100,"border_radius":0,"padding-block-start":0,"padding-block-end":0,"padding-inline-start":0,"padding-inline-end":0},"blocks":{"product_card_gallery_4y78ah":{"type":"_product-card-gallery","name":"t:names.product_card_media","settings":{"image_ratio":"portrait","border":"none","border_width":1,"border_opacity":100,"border_radius":0,"padding-block-start":0,"padding-block-end":0,"padding-inline-start":0,"padding-inline-end":0},"blocks":{}},"group_JHtHYm":{"type":"_product-card-group","settings":{"content_direction":"row","vertical_on_mobile":true,"horizontal_alignment":"space-between","vertical_alignment":"flex-start","align_baseline":false,"horizontal_alignment_flex_direction_column":"flex-start","vertical_alignment_flex_direction_column":"center","gap":12,"width":"fill","custom_width":100,"width_mobile":"fill","custom_width_mobile":100,"height":"fit","custom_height":100,"inherit_color_scheme":true,"color_scheme":"","background_media":"none","video_position":"cover","background_image_position":"cover","border":"none","border_width":1,"border_opacity":100,"border_radius":0,"toggle_overlay":false,"overlay_color":"#00000026","overlay_style":"solid","gradient_direction":"to top","link":"","open_in_new_tab":false,"padding-block-start":2,"padding-block-end":0,"padding-inline-start":0,"padding-inline-end":0},"blocks":{"group_KJDaTQ":{"type":"_product-card-group","name":"t:names.group","settings":{"content_direction":"column","vertical_on_mobile":true,"horizontal_alignment":"flex-start","vertical_alignment":"center","align_baseline":false,"horizontal_alignment_flex_direction_column":"flex-start","vertical_alignment_flex_direction_column":"flex-start","gap":0,"width":"fill","custom_width":70,"width_mobile":"fill","custom_width_mobile":100,"height":"fit","custom_height":100,"inherit_color_scheme":true,"color_scheme":"","background_media":"none","video_position":"cover","background_image_position":"cover","border":"none","border_width":1,"border_opacity":100,"border_radius":0,"toggle_overlay":false,"overlay_color":"#00000026","overlay_style":"solid","gradient_direction":"to top","link":"","open_in_new_tab":false,"padding-block-start":0,"padding-block-end":0,"padding-inline-start":0,"padding-inline-end":0},"blocks":{"product_title_iRxawi":{"type":"product-title","name":"t:names.product_title","settings":{"width":"fit-content","max_width":"normal","alignment":"left","type_preset":"h5","font":"var(--font-body--family)","font_size":"1rem","line_height":"normal","letter_spacing":"normal","case":"none","wrap":"pretty","color":"var(--color-foreground)","background":false,"background_color":"#00000026","corner_radius":0,"padding-block-start":0,"padding-block-end":0,"padding-inline-start":0,"padding-inline-end":0},"blocks":{}},"price_4XkbjB":{"type":"price","settings":{"show_sale_price_first":true,"show_installments":false,"show_tax_info":false,"type_preset":"h5","width":"100%","alignment":"left","font":"var(--font-body--family)","font_size":"1rem","line_height":"normal","letter_spacing":"normal","case":"none","color":"var(--color-foreground)","padding-block-start":0,"padding-block-end":0,"padding-inline-start":0,"padding-inline-end":0},"blocks":{}},"review_ARANwG":{"type":"review","name":"t:names.product_review_stars","settings":{"stars_style":"shaded","show_number":true,"rating_color":"primary","type_preset":"paragraph","alignment":"left"},"blocks":{}}},"block_order":["product_title_iRxawi","price_4XkbjB","review_ARANwG"]},"group_cPyTRf":{"type":"_product-card-group","name":"t:names.group","settings":{"content_direction":"column","vertical_on_mobile":true,"horizontal_alignment":"flex-start","vertical_alignment":"center","align_baseline":false,"horizontal_alignment_flex_direction_column":"flex-start","vertical_alignment_flex_direction_column":"flex-start","gap":0,"width":"fill","custom_width":40,"width_mobile":"fill","custom_width_mobile":100,"height":"fit","custom_height":100,"inherit_color_scheme":true,"color_scheme":"","background_media":"none","video_position":"cover","background_image_position":"cover","border":"none","border_width":1,"border_opacity":100,"border_radius":0,"toggle_overlay":false,"overlay_color":"#00000026","overlay_style":"solid","gradient_direction":"to top","link":"","open_in_new_tab":false,"padding-block-start":0,"padding-block-end":0,"padding-inline-start":0,"padding-inline-end":0},"blocks":{"swatches_tGqDq9":{"type":"swatches","settings":{"product_swatches_alignment":"flex-end","product_swatches_alignment_mobile":"flex-start","hide_padding":false,"product_swatches_padding_top":0,"product_swatches_padding_bottom":0,"product_swatches_padding_left":0,"product_swatches_padding_right":0},"blocks":{}}},"block_order":["swatches_tGqDq9"]}},"block_order":["group_KJDaTQ","group_cPyTRf"]}},"block_order":["product_card_gallery_4y78ah","group_JHtHYm"]}},"name":"Featured collection","settings":{"collection":"all","layout_type":"grid","carousel_on_mobile":false,"max_products":4,"columns":4,"mobile_columns":"2","mobile_card_size":"60cqw","columns_gap":26,"rows_gap":36,"icons_style":"arrow","icons_shape":"none","section_width":"page-width","horizontal_alignment":"flex-start","gap":28,"color_scheme":"scheme-1","padding-block-start":84,"padding-block-end":100}},"hero_MVUtj6":{"type":"hero","blocks":{"text_69C6UJ":{"type":"text","settings":{"text":"<h2>Premium materials and<br\/>hand-selected finishing touches<\/h2>","width":"fit-content","max_width":"none","alignment":"left","type_preset":"h3","font":"var(--font-primary--family)","font_size":"","line_height":"normal","letter_spacing":"normal","case":"none","wrap":"pretty","color":"","background":false,"background_color":"#00000026","corner_radius":0,"padding-block-start":0,"padding-block-end":0,"padding-inline-start":0,"padding-inline-end":0},"blocks":{}},"text_hzq6cM":{"type":"text","settings":{"text":"<p><a href=\"\/collections\/all\" title=\"All products\">Shop now<\/a><\/p>","width":"fit-content","max_width":"normal","alignment":"right","type_preset":"h6","font":"var(--font-secondary--family)","font_size":"","line_height":"normal","letter_spacing":"normal","case":"uppercase","wrap":"nowrap","color":"","background":false,"background_color":"#00000026","corner_radius":0,"padding-block-start":0,"padding-block-end":0,"padding-inline-start":0,"padding-inline-end":0},"blocks":{}}},"block_order":["text_69C6UJ","text_hzq6cM"],"name":"t:names.hero","settings":{"media_type_1":"image","image_1":"shopify:\/\/shop_images\/sub-image-light-blue-no-words.png","media_type_2":"image","stack_media_on_mobile":false,"custom_mobile_media":false,"media_type_1_mobile":"image","media_type_2_mobile":"image","link":"","open_in_new_tab":false,"content_direction":"row","vertical_on_mobile":true,"horizontal_alignment":"space-between","vertical_alignment":"flex-end","align_baseline":false,"horizontal_alignment_flex_direction_column":"flex-start","vertical_alignment_flex_direction_column":"flex-end","gap":16,"section_width":"page-width","section_height":"large","section_height_custom":60,"color_scheme":"scheme-5","toggle_overlay":true,"overlay_color":"#00000075","overlay_style":"gradient","gradient_direction":"to top","blurred_reflection":false,"reflection_opacity":75,"padding-block-start":0,"padding-block-end":40}},"collection_list_JtRTAF":{"type":"collection-list","blocks":{"text_KK8mcw":{"type":"text","name":"t:names.heading","settings":{"text":"<h3>Our Collection<\/h3>","width":"100%","max_width":"normal","alignment":"center","type_preset":"rte","font":"var(--font-body--family)","font_size":"1rem","line_height":"normal","letter_spacing":"normal","case":"none","wrap":"pretty","color":"var(--color-foreground)","background":false,"background_color":"#00000026","corner_radius":0,"padding-block-start":0,"padding-block-end":0,"padding-inline-start":0,"padding-inline-end":0},"blocks":{}},"group_B7ffNy":{"type":"group","name":"t:names.header","settings":{"content_direction":"column","vertical_on_mobile":true,"horizontal_alignment":"flex-start","vertical_alignment":"center","align_baseline":false,"horizontal_alignment_flex_direction_column":"flex-start","vertical_alignment_flex_direction_column":"center","gap":12,"width":"fill","custom_width":100,"width_mobile":"fill","custom_width_mobile":100,"height":"fit","custom_height":100,"inherit_color_scheme":true,"color_scheme":"","background_media":"none","video_position":"cover","background_image_position":"cover","border":"none","border_width":1,"border_opacity":100,"border_radius":0,"toggle_overlay":false,"overlay_color":"#00000026","overlay_style":"solid","gradient_direction":"to top","link":"","open_in_new_tab":false,"placeholder":"","padding-block-start":0,"padding-block-end":0,"padding-inline-start":0,"padding-inline-end":0},"blocks":{"text_6ALX9Y":{"type":"text","name":"t:names.text","settings":{"text":"","width":"fit-content","max_width":"normal","alignment":"left","type_preset":"rte","font":"var(--font-body--family)","font_size":"1rem","line_height":"normal","letter_spacing":"normal","case":"none","wrap":"pretty","color":"var(--color-foreground)","background":false,"background_color":"#00000026","corner_radius":0,"padding-block-start":0,"padding-block-end":16,"padding-inline-start":0,"padding-inline-end":0},"blocks":{}}},"block_order":["text_6ALX9Y"]},"static-collection-card":{"type":"_collection-card","name":"t:names.collection_card","static":true,"settings":{"placement":"below_image","horizontal_alignment":"flex-start","vertical_alignment":"center","collection_card_gap":8,"inherit_color_scheme":true,"color_scheme":"","border":"none","border_width":1,"border_opacity":100,"border_radius":0},"blocks":{"collection_title_jLkcXw":{"type":"collection-title","name":"t:names.collection_title","settings":{"width":"fit-content","max_width":"normal","alignment":"left","type_preset":"h5","font":"var(--font-body--family)","font_size":"1rem","line_height":"normal","letter_spacing":"normal","case":"none","wrap":"pretty","color":"var(--color-foreground)","background":false,"background_color":"#00000026","corner_radius":0,"padding-block-start":0,"padding-block-end":0,"padding-inline-start":0,"padding-inline-end":0},"blocks":{}},"collection-card-image":{"type":"_collection-card-image","name":"t:names.collection_card_image","static":true,"settings":{"image_ratio":"adapt","toggle_overlay":false,"overlay_color":"#00000026","overlay_style":"solid","gradient_direction":"to top","border":"none","border_width":1,"border_opacity":100,"border_radius":0},"blocks":{}}},"block_order":["collection_title_jLkcXw"]}},"block_order":["text_KK8mcw","group_B7ffNy"],"name":"t:names.collections_carousel","settings":{"collection_list":["diagnostic-devices","supportive-devices","therapeutic-devices"],"layout_type":"grid","carousel_on_mobile":false,"columns":3,"mobile_columns":"2","mobile_card_size":"60cqw","columns_gap":10,"bento_gap":8,"rows_gap":8,"max_collections":4,"icons_style":"none","icons_shape":"circle","section_width":"page-width","gap":12,"color_scheme":"","padding-block-start":48,"padding-block-end":48}}},"order":["slideshow_66gAhT","hero_iyt6zg","collection_links_Ut4aMz","featured_product_mTUbKC","product_list_UwRqN4","hero_MVUtj6","collection_list_JtRTAF"]}