{"sections":{"main":{"type":"product-information","blocks":{"judge_me_reviews_preview_badge_kdCrrd":{"type":"shopify:\/\/apps\/judge-me-reviews\/blocks\/preview_badge\/61ccd3b1-a9f2-4160-9fe9-4fec8413e5d8","settings":{}},"media-gallery":{"type":"_product-media-gallery","static":true,"settings":{"media_presentation":"grid","media_columns":"two","image_gap":0,"large_first_image":false,"icons_style":"arrow","slideshow_controls_style":"counter","slideshow_mobile_controls_style":"counter","thumbnail_position":"left","thumbnail_width":57,"aspect_ratio":"1\/1.25","constrain_to_viewport":false,"media_fit":"cover","media_radius":0,"extend_media":true,"zoom":true,"video_loop":true,"hide_variants":true,"padding-block-start":0,"padding-block-end":0,"padding-inline-start":0,"padding-inline-end":0},"blocks":{}},"product-details":{"type":"_product-details","static":true,"settings":{"width":"fill","custom_width":100,"width_mobile":"fill","custom_width_mobile":100,"height":"fit","details_position":"flex-start","gap":12,"sticky_details_desktop":true,"inherit_color_scheme":true,"color_scheme":"","background_media":"none","video_position":"cover","background_image_position":"cover","border":"none","border_width":1,"border_opacity":100,"border_radius":0,"padding-block-start":0,"padding-block-end":0,"padding-inline-start":0,"padding-inline-end":0},"blocks":{"text_9WaLn7":{"type":"text","name":"t:names.title","settings":{"text":"<h1>{{ closest.product.title }}<\/h1>","width":"100%","max_width":"normal","alignment":"center","type_preset":"h3","font":"var(--font-body--family)","font_size":"1rem","line_height":"normal","letter_spacing":"normal","case":"none","wrap":"pretty","color":"var(--color-foreground)","background":false,"background_color":"#00000026","corner_radius":0,"padding-block-start":50,"padding-block-end":0,"padding-inline-start":0,"padding-inline-end":0},"blocks":{}},"price_a7krng":{"type":"price","settings":{"show_sale_price_first":true,"show_installments":true,"show_tax_info":true,"type_preset":"h3","width":"100%","alignment":"center","font":"var(--font-body--family)","font_size":"1rem","line_height":"normal","letter_spacing":"normal","case":"none","color":"var(--color-foreground)","padding-block-start":10,"padding-block-end":30,"padding-inline-start":0,"padding-inline-end":0},"blocks":{}},"judge_me_reviews_preview_badge_KJ4Dkf":{"type":"shopify:\/\/apps\/judge-me-reviews\/blocks\/preview_badge\/61ccd3b1-a9f2-4160-9fe9-4fec8413e5d8","settings":{}},"review_mgjDk7":{"type":"review","name":"t:names.product_review_stars","settings":{"stars_style":"shaded","show_number":true,"rating_color":"primary","type_preset":"paragraph","alignment":"left"},"blocks":{}},"product_inventory_LBbWTp":{"type":"product-inventory","name":"t:names.product_inventory","settings":{"inventory_threshold":5,"show_inventory_quantity":true,"padding-block-start":0,"padding-block-end":0,"padding-inline-start":0,"padding-inline-end":0},"blocks":{}},"product_description_EMARtP":{"type":"product-description","name":"t:names.product_description","settings":{"text":"","width":"fit-content","max_width":"normal","alignment":"left","type_preset":"rte","font":"var(--font-body--family)","font_size":"1rem","line_height":"normal","letter_spacing":"normal","case":"none","wrap":"pretty","color":"var(--color-foreground)","background":false,"background_color":"#00000026","corner_radius":0,"padding-block-start":0,"padding-block-end":0,"padding-inline-start":0,"padding-inline-end":0},"blocks":{}},"divider_HrJgFt":{"type":"_divider","name":"t:names.divider","settings":{"thickness":1,"corner_radius":"square","width_percent":100,"padding-block-start":12,"padding-block-end":12},"blocks":{}},"variant_picker_R3rGDr":{"type":"variant-picker","settings":{"variant_style":"buttons","show_swatches":true,"alignment":"left","padding-block-start":12,"padding-block-end":24,"padding-inline-start":0,"padding-inline-end":0},"blocks":{}},"buy_buttons_eYQEYi":{"type":"buy-buttons","settings":{"stacking":false,"show_pickup_availability":false,"gift_card_form":true,"padding-block-start":0,"padding-block-end":24,"padding-inline-start":0,"padding-inline-end":0},"blocks":{"quantity":{"type":"quantity","disabled":true,"static":true,"settings":{},"blocks":{}},"add-to-cart":{"type":"add-to-cart","static":true,"settings":{"style_class":"button"},"blocks":{}},"accelerated-checkout":{"type":"accelerated-checkout","static":true,"settings":{},"blocks":{}}},"block_order":[]},"accordion_NKWPiW":{"type":"accordion","name":"t:names.accordion","settings":{"icon":"caret","dividers":true,"type_preset":"h4","inherit_color_scheme":true,"color_scheme":"","border":"none","border_width":1,"border_opacity":100,"border_radius":0,"padding-block-start":0,"padding-block-end":0,"padding-inline-start":0,"padding-inline-end":0},"blocks":{"accordion_row_NdBezV":{"type":"_accordion-row","settings":{"heading":"Description","open_by_default":true,"icon":"none","width":20},"blocks":{"text_n7A9da":{"type":"text","settings":{"text":"{{ closest.product.description }}","width":"100%","max_width":"normal","alignment":"left","type_preset":"custom","font":"var(--font-secondary--family)","font_size":"0.875rem","line_height":"normal","letter_spacing":"normal","case":"none","wrap":"pretty","color":"","background":false,"background_color":"#00000026","corner_radius":0,"padding-block-start":12,"padding-block-end":0,"padding-inline-start":0,"padding-inline-end":0},"blocks":{}}},"block_order":["text_n7A9da"]},"accordion_row_iJM37V":{"type":"_accordion-row","settings":{"heading":"Care","open_by_default":false,"icon":"none","width":20},"blocks":{"text_VdG98J":{"type":"text","settings":{"text":"<p>To maintain the beauty and integrity of your purchase, we recommend treating it with care. Simple maintenance practices, such as gentle washing and proper storage, can effectively preserve the longevity of your favorites. We encourage you to refer to the care instructions included with each item, designed to help you keep your purchase in top condition.<\/p>","width":"100%","max_width":"normal","alignment":"left","type_preset":"custom","font":"var(--font-secondary--family)","font_size":"var(--font-size--body-lg)","line_height":"normal","letter_spacing":"normal","case":"none","wrap":"pretty","color":"","background":false,"background_color":"#00000026","corner_radius":0,"padding-block-start":12,"padding-block-end":0,"padding-inline-start":0,"padding-inline-end":0},"blocks":{}}},"block_order":["text_VdG98J"]},"accordion_row_pLFDcD":{"type":"_accordion-row","settings":{"heading":"Design","open_by_default":false,"icon":"none","width":20},"blocks":{"text_qLGEN9":{"type":"text","settings":{"text":"<p>Our dedication to excellence extends beyond materials; it encompasses the artistry and craftsmanship illustrated in every piece we create.<\/p>","width":"100%","max_width":"normal","alignment":"left","type_preset":"custom","font":"var(--font-secondary--family)","font_size":"var(--font-size--body-lg)","line_height":"normal","letter_spacing":"normal","case":"none","wrap":"pretty","color":"","background":false,"background_color":"#00000026","corner_radius":0,"padding-block-start":12,"padding-block-end":0,"padding-inline-start":0,"padding-inline-end":0},"blocks":{}}},"block_order":["text_qLGEN9"]},"accordion_row_DEKmmH":{"type":"_accordion-row","name":"t:names.accordion_row","settings":{"heading":"Material","open_by_default":false,"icon":"none","width":20},"blocks":{"text_bGMaVL":{"type":"text","settings":{"text":"<p>{{ closest.product.metafields.custom.material.value }}<\/p>","width":"100%","max_width":"normal","alignment":"left","type_preset":"rte","font":"var(--font-body--family)","font_size":"1rem","line_height":"normal","letter_spacing":"normal","case":"none","wrap":"pretty","color":"var(--color-foreground)","background":false,"background_color":"#00000026","corner_radius":0,"padding-block-start":0,"padding-block-end":0,"padding-inline-start":0,"padding-inline-end":0},"blocks":{}}},"block_order":["text_bGMaVL"]},"accordion_row_M7bBNV":{"type":"_accordion-row","name":"t:names.accordion_row","settings":{"heading":"Highlights","open_by_default":false,"icon":"none","width":20},"blocks":{"text_bYL7ab":{"type":"text","settings":{"text":"<p><\/p>{{ closest.product.metafields.custom.highlights | metafield_tag }}","width":"100%","max_width":"normal","alignment":"left","type_preset":"rte","font":"var(--font-body--family)","font_size":"1rem","line_height":"normal","letter_spacing":"normal","case":"none","wrap":"pretty","color":"var(--color-foreground)","background":false,"background_color":"#00000026","corner_radius":0,"padding-block-start":0,"padding-block-end":0,"padding-inline-start":0,"padding-inline-end":0},"blocks":{}}},"block_order":["text_bYL7ab"]}},"block_order":["accordion_row_NdBezV","accordion_row_iJM37V","accordion_row_pLFDcD","accordion_row_DEKmmH","accordion_row_M7bBNV"]}},"block_order":["text_9WaLn7","price_a7krng","judge_me_reviews_preview_badge_KJ4Dkf","review_mgjDk7","product_inventory_LBbWTp","product_description_EMARtP","divider_HrJgFt","variant_picker_R3rGDr","buy_buttons_eYQEYi","accordion_NKWPiW"]}},"block_order":["judge_me_reviews_preview_badge_kdCrrd"],"name":"Product Essentials","settings":{"content_width":"content-full-width","desktop_media_position":"left","equal_columns":true,"limit_details_width":true,"gap":0,"color_scheme":"","padding-block-start":0,"padding-block-end":0}},"divider_nDdfcb":{"type":"divider","name":"t:names.divider_section","settings":{"color_scheme":"","section_width":"full-width","thickness":1,"corner_radius":"square","width_percent":100,"alignment_horizontal":"center","padding-block-start":16,"padding-block-end":16}},"section_dPN4gH":{"type":"section","blocks":{"group_iQkf8W":{"type":"group","settings":{"content_direction":"column","vertical_on_mobile":true,"horizontal_alignment":"flex-start","vertical_alignment":"center","align_baseline":false,"horizontal_alignment_flex_direction_column":"center","vertical_alignment_flex_direction_column":"center","gap":16,"width":"fill","custom_width":100,"width_mobile":"fill","custom_width_mobile":100,"height":"fit","custom_height":100,"inherit_color_scheme":true,"color_scheme":"","background_media":"none","video_position":"cover","background_image_position":"cover","border":"none","border_width":1,"border_opacity":100,"border_radius":0,"toggle_overlay":false,"overlay_color":"#00000026","overlay_style":"solid","gradient_direction":"to top","link":"","open_in_new_tab":false,"placeholder":"","padding-block-start":0,"padding-block-end":0,"padding-inline-start":0,"padding-inline-end":0},"blocks":{"icon_CdjUhh":{"type":"icon","settings":{"icon":"plane","width":32,"link":"","open_in_new_tab":false},"blocks":{}},"group_hF7MRJ":{"type":"group","settings":{"content_direction":"column","vertical_on_mobile":true,"horizontal_alignment":"flex-start","vertical_alignment":"center","align_baseline":false,"horizontal_alignment_flex_direction_column":"flex-start","vertical_alignment_flex_direction_column":"center","gap":4,"width":"fill","custom_width":100,"width_mobile":"fill","custom_width_mobile":100,"height":"fit","custom_height":100,"inherit_color_scheme":true,"color_scheme":"","background_media":"none","video_position":"cover","background_image_position":"cover","border":"none","border_width":1,"border_opacity":100,"border_radius":0,"toggle_overlay":false,"overlay_color":"#00000026","overlay_style":"solid","gradient_direction":"to top","link":"","open_in_new_tab":false,"placeholder":"","padding-block-start":0,"padding-block-end":0,"padding-inline-start":0,"padding-inline-end":0},"blocks":{"text_PjHHr6":{"type":"text","settings":{"text":"<p>Free Shipping<\/p>","width":"100%","max_width":"normal","alignment":"center","type_preset":"h3","font":"var(--font-body--family)","font_size":"1rem","line_height":"normal","letter_spacing":"normal","case":"none","wrap":"pretty","color":"var(--color-foreground)","background":false,"background_color":"#00000026","corner_radius":0,"padding-block-start":0,"padding-block-end":0,"padding-inline-start":0,"padding-inline-end":0},"blocks":{}},"text_GAYqVL":{"type":"text","settings":{"text":"<p>Everything we do starts with why<\/p>","width":"100%","max_width":"normal","alignment":"center","type_preset":"rte","font":"var(--font-body--family)","font_size":"1rem","line_height":"normal","letter_spacing":"normal","case":"none","wrap":"pretty","color":"var(--color-foreground)","background":false,"background_color":"#00000026","corner_radius":0,"padding-block-start":0,"padding-block-end":0,"padding-inline-start":0,"padding-inline-end":0},"blocks":{}}},"block_order":["text_PjHHr6","text_GAYqVL"]}},"block_order":["icon_CdjUhh","group_hF7MRJ"]},"group_fenHG3":{"type":"group","settings":{"content_direction":"column","vertical_on_mobile":true,"horizontal_alignment":"flex-start","vertical_alignment":"center","align_baseline":false,"horizontal_alignment_flex_direction_column":"center","vertical_alignment_flex_direction_column":"center","gap":16,"width":"fill","custom_width":100,"width_mobile":"fill","custom_width_mobile":100,"height":"fit","custom_height":100,"inherit_color_scheme":true,"color_scheme":"","background_media":"none","video_position":"cover","background_image_position":"cover","border":"none","border_width":1,"border_opacity":100,"border_radius":0,"toggle_overlay":false,"overlay_color":"#00000026","overlay_style":"solid","gradient_direction":"to top","link":"","open_in_new_tab":false,"placeholder":"","padding-block-start":0,"padding-block-end":0,"padding-inline-start":0,"padding-inline-end":0},"blocks":{"icon_bmDHBK":{"type":"icon","settings":{"icon":"price_tag","width":32,"link":"","open_in_new_tab":false},"blocks":{}},"group_6rxmEe":{"type":"group","settings":{"content_direction":"column","vertical_on_mobile":true,"horizontal_alignment":"flex-start","vertical_alignment":"center","align_baseline":false,"horizontal_alignment_flex_direction_column":"flex-start","vertical_alignment_flex_direction_column":"center","gap":4,"width":"fill","custom_width":100,"width_mobile":"fill","custom_width_mobile":100,"height":"fit","custom_height":100,"inherit_color_scheme":true,"color_scheme":"","background_media":"none","video_position":"cover","background_image_position":"cover","border":"none","border_width":1,"border_opacity":100,"border_radius":0,"toggle_overlay":false,"overlay_color":"#00000026","overlay_style":"solid","gradient_direction":"to top","link":"","open_in_new_tab":false,"placeholder":"","padding-block-start":0,"padding-block-end":0,"padding-inline-start":0,"padding-inline-end":0},"blocks":{"text_MeBm3G":{"type":"text","settings":{"text":"<p>100% Secure payment<\/p>","width":"100%","max_width":"normal","alignment":"center","type_preset":"h3","font":"var(--font-body--family)","font_size":"1rem","line_height":"normal","letter_spacing":"normal","case":"none","wrap":"pretty","color":"var(--color-foreground)","background":false,"background_color":"#00000026","corner_radius":0,"padding-block-start":0,"padding-block-end":0,"padding-inline-start":0,"padding-inline-end":0},"blocks":{}},"text_HC4DjP":{"type":"text","settings":{"text":"<p>We believe in building better<\/p>","width":"100%","max_width":"normal","alignment":"center","type_preset":"rte","font":"var(--font-body--family)","font_size":"1rem","line_height":"normal","letter_spacing":"normal","case":"none","wrap":"pretty","color":"var(--color-foreground)","background":false,"background_color":"#00000026","corner_radius":0,"padding-block-start":0,"padding-block-end":0,"padding-inline-start":0,"padding-inline-end":0},"blocks":{}}},"block_order":["text_MeBm3G","text_HC4DjP"]}},"block_order":["icon_bmDHBK","group_6rxmEe"]},"group_DRwX3F":{"type":"group","settings":{"content_direction":"column","vertical_on_mobile":true,"horizontal_alignment":"flex-start","vertical_alignment":"center","align_baseline":false,"horizontal_alignment_flex_direction_column":"center","vertical_alignment_flex_direction_column":"center","gap":16,"width":"fill","custom_width":100,"width_mobile":"fill","custom_width_mobile":100,"height":"fit","custom_height":100,"inherit_color_scheme":true,"color_scheme":"","background_media":"none","video_position":"cover","background_image_position":"cover","border":"none","border_width":1,"border_opacity":100,"border_radius":0,"toggle_overlay":false,"overlay_color":"#00000026","overlay_style":"solid","gradient_direction":"to top","link":"","open_in_new_tab":false,"placeholder":"","padding-block-start":0,"padding-block-end":0,"padding-inline-start":0,"padding-inline-end":0},"blocks":{"icon_r9CQpn":{"type":"icon","settings":{"icon":"return","width":32,"link":"","open_in_new_tab":false},"blocks":{}},"group_m4B79r":{"type":"group","settings":{"content_direction":"column","vertical_on_mobile":true,"horizontal_alignment":"flex-start","vertical_alignment":"center","align_baseline":false,"horizontal_alignment_flex_direction_column":"flex-start","vertical_alignment_flex_direction_column":"center","gap":4,"width":"fill","custom_width":100,"width_mobile":"fill","custom_width_mobile":100,"height":"fit","custom_height":100,"inherit_color_scheme":true,"color_scheme":"","background_media":"none","video_position":"cover","background_image_position":"cover","border":"none","border_width":1,"border_opacity":100,"border_radius":0,"toggle_overlay":false,"overlay_color":"#00000026","overlay_style":"solid","gradient_direction":"to top","link":"","open_in_new_tab":false,"placeholder":"","padding-block-start":0,"padding-block-end":0,"padding-inline-start":0,"padding-inline-end":0},"blocks":{"text_LGVm98":{"type":"text","settings":{"text":"<p>Easy Return & Refund<\/p>","width":"100%","max_width":"normal","alignment":"center","type_preset":"h3","font":"var(--font-body--family)","font_size":"1rem","line_height":"normal","letter_spacing":"normal","case":"none","wrap":"pretty","color":"var(--color-foreground)","background":false,"background_color":"#00000026","corner_radius":0,"padding-block-start":0,"padding-block-end":0,"padding-inline-start":0,"padding-inline-end":0},"blocks":{}},"text_4Q8k47":{"type":"text","settings":{"text":"<p>Real people making great products<\/p>","width":"100%","max_width":"normal","alignment":"center","type_preset":"rte","font":"var(--font-body--family)","font_size":"1rem","line_height":"normal","letter_spacing":"normal","case":"none","wrap":"pretty","color":"var(--color-foreground)","background":false,"background_color":"#00000026","corner_radius":0,"padding-block-start":0,"padding-block-end":0,"padding-inline-start":0,"padding-inline-end":0},"blocks":{}}},"block_order":["text_LGVm98","text_4Q8k47"]}},"block_order":["icon_r9CQpn","group_m4B79r"]}},"block_order":["group_iQkf8W","group_fenHG3","group_DRwX3F"],"name":"t:names.icons_with_text","settings":{"content_direction":"row","vertical_on_mobile":true,"horizontal_alignment":"flex-start","vertical_alignment":"center","align_baseline":false,"horizontal_alignment_flex_direction_column":"flex-start","vertical_alignment_flex_direction_column":"center","gap":20,"section_width":"full-width","section_height":"","section_height_custom":50,"color_scheme":"scheme-4","background_media":"none","video_position":"cover","background_image_position":"cover","border":"none","border_width":1,"border_opacity":100,"border_radius":0,"toggle_overlay":false,"overlay_color":"#00000026","overlay_style":"solid","gradient_direction":"to top","padding-block-start":40,"padding-block-end":40}},"hero_c4Fifc":{"type":"hero","name":"t:names.hero","settings":{"media_type_1":"image","image_1":"{{ product.metafields.custom.description_image.value }}","media_type_2":"image","stack_media_on_mobile":false,"custom_mobile_media":false,"media_type_1_mobile":"image","media_type_2_mobile":"image","link":"","open_in_new_tab":false,"content_direction":"column","vertical_on_mobile":true,"horizontal_alignment":"flex-start","vertical_alignment":"center","align_baseline":false,"horizontal_alignment_flex_direction_column":"center","vertical_alignment_flex_direction_column":"center","gap":7,"section_width":"full-width","section_height":"auto","section_height_custom":50,"color_scheme":"scheme-1","toggle_overlay":true,"overlay_color":"#00000026","overlay_style":"gradient","gradient_direction":"to top","blurred_reflection":false,"reflection_opacity":75,"padding-block-start":40,"padding-block-end":40}},"product_recommendations_qnzPkn":{"type":"product-recommendations","blocks":{"text_GbxcYC":{"type":"text","name":"t:names.header","settings":{"text":"<h3>You may also like<\/h3>","width":"100%","max_width":"normal","alignment":"center","type_preset":"h4","font":"var(--font-primary--family)","font_size":"","line_height":"normal","letter_spacing":"normal","case":"none","wrap":"pretty","color":"","background":false,"background_color":"#00000026","corner_radius":0,"padding-block-start":0,"padding-block-end":0,"padding-inline-start":0,"padding-inline-end":0},"blocks":{}},"static-product-card":{"type":"_product-card","name":"t:names.product_card","static":true,"settings":{"product_card_gap":16,"inherit_color_scheme":true,"color_scheme":"","border":"none","border_width":1,"border_opacity":100,"border_radius":0,"padding-block-start":0,"padding-block-end":0,"padding-inline-start":0,"padding-inline-end":0},"blocks":{"product_card_gallery_YYPH6q":{"type":"_product-card-gallery","name":"t:names.product_card_media","settings":{"image_ratio":"portrait","border":"none","border_width":1,"border_opacity":100,"border_radius":0,"padding-block-start":0,"padding-block-end":0,"padding-inline-start":0,"padding-inline-end":0},"blocks":{}},"group_396y6r":{"type":"_product-card-group","settings":{"content_direction":"row","vertical_on_mobile":true,"horizontal_alignment":"space-between","vertical_alignment":"flex-start","align_baseline":false,"horizontal_alignment_flex_direction_column":"flex-start","vertical_alignment_flex_direction_column":"center","gap":12,"width":"fill","custom_width":100,"width_mobile":"fill","custom_width_mobile":100,"height":"fit","custom_height":100,"inherit_color_scheme":true,"color_scheme":"","background_media":"none","video_position":"cover","background_image_position":"cover","border":"none","border_width":1,"border_opacity":100,"border_radius":0,"toggle_overlay":false,"overlay_color":"#00000026","overlay_style":"solid","gradient_direction":"to top","link":"","open_in_new_tab":false,"padding-block-start":2,"padding-block-end":0,"padding-inline-start":0,"padding-inline-end":0},"blocks":{"group_tEHPmM":{"type":"_product-card-group","name":"t:names.group","settings":{"content_direction":"column","vertical_on_mobile":true,"horizontal_alignment":"flex-start","vertical_alignment":"center","align_baseline":false,"horizontal_alignment_flex_direction_column":"flex-start","vertical_alignment_flex_direction_column":"flex-start","gap":0,"width":"custom","custom_width":60,"width_mobile":"fill","custom_width_mobile":100,"height":"fit","custom_height":100,"inherit_color_scheme":true,"color_scheme":"","background_media":"none","video_position":"cover","background_image_position":"cover","border":"none","border_width":1,"border_opacity":100,"border_radius":0,"toggle_overlay":false,"overlay_color":"#00000026","overlay_style":"solid","gradient_direction":"to top","link":"","open_in_new_tab":false,"padding-block-start":0,"padding-block-end":0,"padding-inline-start":0,"padding-inline-end":0},"blocks":{"text_CayfE3":{"type":"text","settings":{"text":"<h4>{{ closest.product.title }}<\/h4>","width":"100%","max_width":"normal","alignment":"left","type_preset":"h5","font":"var(--font-primary--family)","font_size":"","line_height":"normal","letter_spacing":"normal","case":"none","wrap":"pretty","color":"","background":false,"background_color":"#00000026","corner_radius":0,"padding-block-start":0,"padding-block-end":0,"padding-inline-start":0,"padding-inline-end":0},"blocks":{}},"price_ahRCgD":{"type":"price","settings":{"show_sale_price_first":true,"show_installments":false,"show_tax_info":false,"type_preset":"h5","width":"100%","alignment":"left","font":"var(--font-body--family)","font_size":"1rem","line_height":"normal","letter_spacing":"normal","case":"none","color":"var(--color-foreground)","padding-block-start":0,"padding-block-end":0,"padding-inline-start":0,"padding-inline-end":0},"blocks":{}}},"block_order":["text_CayfE3","price_ahRCgD"]},"group_PihxwT":{"type":"_product-card-group","name":"t:names.group","settings":{"content_direction":"column","vertical_on_mobile":true,"horizontal_alignment":"flex-start","vertical_alignment":"center","align_baseline":false,"horizontal_alignment_flex_direction_column":"flex-start","vertical_alignment_flex_direction_column":"flex-start","gap":0,"width":"fill","custom_width":40,"width_mobile":"fill","custom_width_mobile":100,"height":"fit","custom_height":100,"inherit_color_scheme":true,"color_scheme":"","background_media":"none","video_position":"cover","background_image_position":"cover","border":"none","border_width":1,"border_opacity":100,"border_radius":0,"toggle_overlay":false,"overlay_color":"#00000026","overlay_style":"solid","gradient_direction":"to top","link":"","open_in_new_tab":false,"padding-block-start":0,"padding-block-end":0,"padding-inline-start":0,"padding-inline-end":0},"blocks":{"swatches_EdNBpW":{"type":"swatches","settings":{"product_swatches_alignment":"flex-end","product_swatches_alignment_mobile":"flex-start","hide_padding":false,"product_swatches_padding_top":0,"product_swatches_padding_bottom":0,"product_swatches_padding_left":0,"product_swatches_padding_right":0},"blocks":{}}},"block_order":["swatches_EdNBpW"]}},"block_order":["group_tEHPmM","group_PihxwT"]}},"block_order":["product_card_gallery_YYPH6q","group_396y6r"]}},"block_order":["text_GbxcYC"],"name":"t:names.product_recommendations","settings":{"product":"{{ closest.product }}","recommendation_type":"related","layout_type":"grid","carousel_on_mobile":false,"max_products":4,"columns":4,"mobile_columns":"2","columns_gap":16,"rows_gap":16,"icons_style":"arrow","icons_shape":"none","section_width":"page-width","gap":28,"color_scheme":"scheme-1","padding-block-start":48,"padding-block-end":48}}},"order":["main","divider_nDdfcb","section_dPN4gH","hero_c4Fifc","product_recommendations_qnzPkn"]}